Preference,COLLEGE NAME,PROGRAM NAME
1,Shaheed Bhagat Singh College (Evening),B.Com. (Hons.)
2,Dyal Singh College (Evening),B.Com. (Hons.)
3,Motilal Nehru College (Evening),B.Com. (Hons.)
4,Sri Aurobindo College (Evening),B.Com. (Hons.)
5,P.G.D.A.V. College (Evening),B.Com. (Hons.)
6,Zakir Husain Delhi College (Evening),B.Com. (Hons.)
7,Satyawati College (Evening),B.Com. (Hons.)
8,Shyam Lal College (Evening),B.Com. (Hons.)
9,Shaheed Bhagat Singh College (Evening),B.Com.
10,Dyal Singh College (Evening),B.Com.
11,Motilal Nehru College (Evening),B.Com.
12,Satyawati College (Evening),B.Com.
13,P.G.D.A.V. College (Evening),B.Com.
14,Sri Aurobindo College (Evening),B.Com.
15,Zakir Husain Delhi College (Evening),B.Com.
16,Shri Ram College of Commerce,B.Com. (Hons.)
17,Hindu College,B.Com. (Hons.)
18,Hansraj College,B.Com. (Hons.)
19,Kirori Mal College,B.Com. (Hons.)
20,Ramjas College,B.Com. (Hons.)
21,Sri Venketeswara College,B.Com. (Hons.)
22,Atma Ram Sanatan Dharma College,B.Com. (Hons.)
23,Shaheed Bhagat Singh College,B.Com. (Hons.)
24,Delhi College of Arts and Commerce,B.Com. (Hons.)
25,Dyal Singh College,B.Com. (Hons.)
26,College of Vocational Studies,B.Com. (Hons.)
27,Aryabhatta College,B.Com. (Hons.)
28,Motilal Nehru College,B.Com. (Hons.)
29,Ram Lal Anand College,B.Com. (Hons.)
30,Deen Dayal Upadhyaya College,B.Com. (Hons.)
31,Ramanujan College,B.Com. (Hons.)
32,Deshbandhu College,B.Com. (Hons.)
33,Sri Aurobindo College (Day),B.Com. (Hons.)
34,Shivaji College,B.Com. (Hons.)
35,Keshav Mahavidyalaya,B.Com. (Hons.)
36,Rajdhani College,B.Com. (Hons.)
37,P.G.D.A.V. College,B.Com. (Hons.)
38,Maharaja Agrasen College,B.Com. (Hons.)
39,Satyawati College,B.Com. (Hons.)
40,Zakir Husain Delhi College,B.Com. (Hons.)
41,Acharya Narendra Dev College,B.Com. (Hons.)
42,Shyam Lal College,B.Com. (Hons.)
43,Swami Shardhanand College,B.Com. (Hons.)
44,Dr. Bhim Rao Ambedkar College,B.Com. (Hons.)
45,Kirori Mal College,B.Com.
46,Ramjas College,B.Com.
47,Sri Venketeswara College,B.Com.
48,Atma Ram Sanatan Dharma College,B.Com.
49,Shaheed Bhagat Singh College,B.Com.
50,Delhi College of Arts and Commerce,B.Com.
51,Dyal Singh College,B.Com.
52,Aryabhatta College,B.Com.
53,Motilal Nehru College,B.Com.
54,Ram Lal Anand College,B.Com.
55,Ramanujan College,B.Com.
56,Shivaji College,B.Com.
57,Sri Aurobindo College (Day),B.Com.
58,Satyawati College,B.Com.
59,Zakir Husain Delhi College,B.Com.
60,P.G.D.A.V. College,B.Com.
61,Shyam Lal College,B.Com.
62,Dr. Bhim Rao Ambedkar College,B.Com.
63,Swami Shardhanand College,B.Com.
64,Hansraj College,B.A. Program (Commerce + Economics)
65,Delhi College of Arts and Commerce,B.A. Program (Commerce + Economics)
66,College of Vocational Studies,B.A. Program (Commerce + Economics)
67,Ramanujan College,B.A. Program (Commerce + Economics)
68,Maharaja Agrasen College,B.A. Program (Commerce + Economics)
69,Sri Aurobindo College (Day),B.A. Program (Commerce + Economics)
70,Dr. Bhim Rao Ambedkar College,B.A. Program (Commerce + Psychology)
71,Shaheed Bhagat Singh College (Evening),B.A. Program (English + Economics)
72,Hindu College,B.A. Program (English + Economics)
73,Kirori Mal College,B.A. Program (Economics + Philosophy)
74,Kirori Mal College,B.A. Program (Economics + Political Science)
75,Hansraj College,B.A. Program (Economics + History)
76,Kirori Mal College,B.A. Program (Economics + History)
77,Ramjas College,B.A. Program (Any two discipline from these (English/Hindi/History/Pol. Science/Economics/Mathematics))
78,Sri Venketeswara College,B.A. Program (English + Economics)
79,Ramjas College,B.A. Program (Philosophy + Any one out of these (English/Hindi/History/Pol. Science/Economics/Mathematics/Sanskrit))
80,Atma Ram Sanatan Dharma College,B.A. Program (Any two disciplines from (History/Political Sc./Economics))
81,Ramanujan College,B.A. Program (Economics + Psychology)
82,Motilal Nehru College,B.A. Program (English + Economics)
83,Maharaja Agrasen College,B.A. Program (English + Economics)
84,Dyal Singh College,B.A. Program (Economics + Philosophy)
85,Motilal Nehru College,B.A. Program (Economics + Political Science)
86,Deshbandhu College,B.A. Program (English + Economics)
87,Deen Dayal Upadhyaya College,B.A. Program (Economics + Political Science)
88,Motilal Nehru College,B.A. Program (Economics + History)
89,Dyal Singh College,B.A. Program (Economics + History)
90,Deshbandhu College,B.A. Program (Economics + History)
91,Deshbandhu College,B.A. Program (Economics + Political Science)
92,Shivaji College,B.A. Program (Economics + Political Science)
93,Shivaji College,B.A. Program (English + Economics)
94,Deshbandhu College,B.A. Program (Economics + Philosophy)
95,Shivaji College,B.A. Program (Economics + Geography)
96,Satyawati College,B.A. Program (English + Economics)
97,Shyam Lal College,B.A. Program (English + Economics)
98,Zakir Husain Delhi College,B.A. Program (English + Economics)
